vehicle_id,title,description,url,make,model,year,mileage.value,mileage.unit,transmission,fuel_type,body_style,drivetrain,vin,condition,price,address,exterior_color,sale_price,availability,state_of_vehicle,latitude,longitude,image[0].url,image[1].url,image[1].tag[0],image[2].url,image[2].tag[0],image[2].tag[1],image[2].tag[2],image[3].url,image[3].tag[0]
U9757,2024 Chery Tiggo 8 Pro Max Urban,"Discover the perfect blend of style, comfort, and versatility with the used 2024 Chery Tiggo 8 Pro Max Urban. This stunning silver SUV is designed for larger families, offering ample space and seating for up to seven passengers. Whether you're commuting the kids to school or planning a family getaway, the Tiggo 8 Pro Max ensures everyone travels in comfort with its premium features and spacious interior. 

Equipped with advanced technology and safety features, this vehicle prioritises your family's well-being. Enjoy the convenience of modern connectivity and climate control, making every journey enjoyable for all occupants. 

Key Features:  
- Climate Control  
- Bluetooth  
- Reversing Camera  
- Electric Seats  
- Heated Seats  
- Keyless Start  
- Lane Departure Warning  
- Lane Keeping Active Assist  
- Roof Rails  
- Android Auto  
- Apple CarPlay  
- Wireless Charging  
- 7+ Seats  
- 5 Star ANCAP Safety Rating  

Experience the perfect family SUV that combines practicality and luxury in one remarkable package.",https://www.carbuy.com.au/cars/used-silver-2024-chery-tiggo-8-pro-max-u9757,Chery,Tiggo 8 Pro Max,2024,5791,KM,AUTOMATIC,GASOLINE,SUV,NONE,LVTDB24B1RD599692,EXCELLENT,30738.00 AUD,"{""addr1"":""190-192 Atherton Rd"",""city"":""Oakleigh"",""region"":""VIC"",""postal_code"":3166,""country"":""Australia""}",Silver,,AVAILABLE,USED,-37.90096,145.104713,https://joshhalsallcmg.github.io/carbuy-tiles/U9757_1x1_2ee6cb06.jpg,https://joshhalsallcmg.github.io/carbuy-tiles/U9757_4x5_18e832b4.jpg,ASPECT_RATIO_4_5_PREFERRED,https://joshhalsallcmg.github.io/carbuy-tiles/U9757_9x16_1d26b4f4.jpg,STORY_PREFERRED,REELS_PREFERRED,ASPECT_RATIO_9_16_PREFERRED,https://d2s8i866417m9.cloudfront.net/photo/54678870/photo/medium-8801051e9c292fca10270e1c923b31c2.jpg,original_photo
U9951,2022 Mitsubishi Eclipse Cross Exceed YB,"2 KEYS
FULL MITSUBISHI DEALERSHIP SERVICE HISTORY
TOP SPEC EXCEED MODEL WITH AWD
EXCELLENT CONDITION
INSPECT & TEST DRIVE TODAY


Introducing the stunning 2022 Mitsubishi Eclipse Cross Exceed YB, a versatile SUV that perfectly blends style and practicality. With its spacious five-seat configuration, this vehicle is perfect for parents and families seeking a safe and functional mode of transport for everyday activities. Equipped with a host of modern features, this Eclipse Cross ensures comfort and convenience on all your journeys. The 5 Star ANCAP Safety Rating provides peace of mind, making it an excellent choice for those prioritising safety. Whether you're commuting or embarking on family adventures, this SUV is sure to impress with its high-quality interior and advanced technology.

Key features include:

Climate Control  
Bluetooth  
Reversing Camera  
Heated Seats  
Keyless Start  
Lane Departure Warning  
Leather Seats  
Roof Rails  
Android Auto  
Apple CarPlay  
5 Star ANCAP Safety Rating  ",https://www.carbuy.com.au/cars/used-grey-2022-mitsubishi-eclipse-cross-u9951,Mitsubishi,Eclipse Cross,2022,70223,KM,AUTOMATIC,GASOLINE,SUV,NONE,JMFXTGK1WNZ005933,EXCELLENT,25988.00 AUD,"{""addr1"":""190-192 Atherton Rd"",""city"":""Oakleigh"",""region"":""VIC"",""postal_code"":3166,""country"":""Australia""}",Grey,,AVAILABLE,USED,-37.90096,145.104713,https://joshhalsallcmg.github.io/carbuy-tiles/U9951_1x1_02d5dcf7.jpg,https://joshhalsallcmg.github.io/carbuy-tiles/U9951_4x5_d64d4238.jpg,ASPECT_RATIO_4_5_PREFERRED,https://joshhalsallcmg.github.io/carbuy-tiles/U9951_9x16_eb5eaac6.jpg,STORY_PREFERRED,REELS_PREFERRED,ASPECT_RATIO_9_16_PREFERRED,https://d2s8i866417m9.cloudfront.net/photo/60467675/photo/medium-0adbad8664def9fe2d3f397d3f0ad635.jpg,original_photo
U10025,2026 Toyota Hilux SR5 48V GUN227R 4X4,"AS NEW 2026 HILUX SR5
AVAILABLE FOR IMMEDIATE SALE
FROSTED WHITE PAINT OPTION
LOWEST KILOMETRES & PRICED TO SELL
INSPECT TODAY!


Introducing the exceptional 2026 Toyota Hilux SR5 48V GUN227R, designed to meet the needs of tradespeople, contractors, and outdoor enthusiasts alike. This versatile Ute combines rugged capability with modern comforts, making it the perfect companion for any job or adventure. With a powerful diesel engine and elevated ground clearance, it excels in both hauling heavy loads and tackling unpaved terrain. The spacious interior comfortably seats five, ensuring you can travel with your crew or family in style.

The Hilux is equipped with a range of features to enhance your driving experience and safety. Whether you’re navigating urban roads or exploring the great outdoors, this vehicle is ready for anything.

Key features include:

- Climate Control
- Bluetooth
- Reversing Camera
- Heated Seats
- Keyless Start
- Lane Departure Warning
- Android Auto
- Apple CarPlay
- 5 Star ANCAP Safety Rating

Experience the perfect blend of functionality and comfort with the 2026 Toyota Hilux SR5. Visit us today to learn more!",https://www.carbuy.com.au/cars/used-white-2026-toyota-hilux-u10025,Toyota,Hilux,2026,46,KM,AUTOMATIC,DIESEL,TRUCK,NONE,MR0REBHV200545462,EXCELLENT,68738.00 AUD,"{""addr1"":""190-192 Atherton Rd"",""city"":""Oakleigh"",""region"":""VIC"",""postal_code"":3166,""country"":""Australia""}",White,,AVAILABLE,USED,-37.90096,145.104713,https://joshhalsallcmg.github.io/carbuy-tiles/U10025_1x1_e78eae3d.jpg,https://joshhalsallcmg.github.io/carbuy-tiles/U10025_4x5_45a03211.jpg,ASPECT_RATIO_4_5_PREFERRED,https://joshhalsallcmg.github.io/carbuy-tiles/U10025_9x16_a26a6567.jpg,STORY_PREFERRED,REELS_PREFERRED,ASPECT_RATIO_9_16_PREFERRED,https://d2s8i866417m9.cloudfront.net/photo/62410531/photo/medium-544f58f32ddd16bf8fb5cedae31e448a.jpg,original_photo
U10061,2022 Kia Cerato Sport+ BD,"1 OWNER FROM NEW
2 KEYS
FULL KIA SERVICE HISTORY
LONG REGO (28/06/2027)
GOOD TYRES
LOVELY CAR 
TEST DRIVE TODAY


Introducing the stunning used grey 2022 Kia Cerato Sport+ BD, a versatile sedan that perfectly balances style, comfort, and practicality. This vehicle is designed with families in mind, offering ample space for up to five passengers and a range of features that enhance both safety and driving pleasure. With its impressive 5 Star ANCAP Safety Rating, you can drive with confidence knowing that your loved ones are well protected on every journey. 

The Cerato Sport+ is equipped with modern conveniences such as Climate Control and Bluetooth connectivity, ensuring a comfortable and connected ride. The addition of a Reversing Camera and Lane Keeping Active Assist further enhances safety, making parking and lane changes effortless. Whether you're commuting to work or taking the kids to school, the heated seats and luxurious leather interior provide comfort for all passengers. Plus, with Keyless Start, Android Auto, and Apple CarPlay, staying connected has never been easier.

Key features of the 2022 Kia Cerato Sport+ BD include:

Climate Control  
Bluetooth  
Reversing Camera  
Heated Seats  
Keyless Start  
Lane Keeping Active Assist  
Leather Seats  
Android Auto  
Apple CarPlay  
5 Star ANCAP Safety Rating  

Experience the perfect blend of safety, comfort, and technology with the Kia Cerato Sport+. Come in for a test drive today!",https://www.carbuy.com.au/cars/used-grey-2022-kia-cerato-u10061,Kia,Cerato,2022,73322,KM,AUTOMATIC,GASOLINE,SEDAN,NONE,KNAF341CMN5148926,EXCELLENT,23238.00 AUD,"{""addr1"":""190-192 Atherton Rd"",""city"":""Oakleigh"",""region"":""VIC"",""postal_code"":3166,""country"":""Australia""}",Grey,,AVAILABLE,USED,-37.90096,145.104713,https://joshhalsallcmg.github.io/carbuy-tiles/U10061_1x1_b82a05eb.jpg,https://joshhalsallcmg.github.io/carbuy-tiles/U10061_4x5_6b21a1ba.jpg,ASPECT_RATIO_4_5_PREFERRED,https://joshhalsallcmg.github.io/carbuy-tiles/U10061_9x16_5a52a4d6.jpg,STORY_PREFERRED,REELS_PREFERRED,ASPECT_RATIO_9_16_PREFERRED,https://d2s8i866417m9.cloudfront.net/photo/62880073/photo/medium-e44e9300d15c10271c2d845895c47a45.jpg,original_photo
U7509,2025 Genesis GV80 3.5T AWD JX.V4,"1 OWNER VEHICLE
FULL SERVICE HISTORY
MATTERHORN WHITE
279 KW OF POWER AND 530 NM OF TORQUE
BANG AND OLUFSEN SOUND SYSTEM

Experience the pinnacle of luxury with this stunning 2025 Genesis GV80 3.5T AWD. This white coupe embodies elegance and sophistication, making it a perfect choice for those who appreciate premium vehicles from renowned brands. The refined engineering and superior materials used in this vehicle ensure a driving experience that is both comfortable and exhilarating. With advanced technology at your fingertips, including Bluetooth connectivity and a reversing camera, your journeys will be both enjoyable and safe. The electric seats provide the perfect blend of comfort and convenience, allowing you to customise your seating position effortlessly. Embrace the elevated status that comes with owning a Genesis GV80, where luxury meets performance.

Features include:

- Bluetooth
- Reversing Camera
- Electric Seats",https://www.carbuy.com.au/cars/used-white-2025-genesis-gv80-u7509,Genesis,GV80,2025,17417,KM,AUTOMATIC,GASOLINE,COUPE,NONE,KMTHB61CSSU276175,EXCELLENT,108988.00 AUD,"{""addr1"":""190-192 Atherton Rd"",""city"":""Oakleigh"",""region"":""VIC"",""postal_code"":3166,""country"":""Australia""}",White,,AVAILABLE,USED,-37.90096,145.104713,https://joshhalsallcmg.github.io/carbuy-tiles/U7509_1x1_3464f2d2.jpg,https://joshhalsallcmg.github.io/carbuy-tiles/U7509_4x5_8780e5b8.jpg,ASPECT_RATIO_4_5_PREFERRED,https://joshhalsallcmg.github.io/carbuy-tiles/U7509_9x16_046c6fe1.jpg,STORY_PREFERRED,REELS_PREFERRED,ASPECT_RATIO_9_16_PREFERRED,https://d2s8i866417m9.cloudfront.net/photo/63542215/photo/medium-ba289e7c4b96a5f06865e9bdcd07ef46.jpg,original_photo
